year,week,year_week,week_start,week_end,n_hours,month_mode,wind_speed_mean,wind_speed_median,wind_speed_max,wind_speed_min,wind_speed_sd,wind_speed_p95,wind_speed_p05,wind_dir_mean,wave_height_mean,wave_height_median,wave_height_max,wave_height_min,wave_height_sd,wave_height_p95,wave_height_p05,max_wave_mean,max_wave_max,ctv_accessible_hours,sov_accessible_hours,ctv_accessible_days,sov_accessible_days,hours_calm,hours_rough,hours_extreme,sea_temp_mean,air_temp_mean,gust_speed_max,pressure_mean,humidity_mean,season,weather_scenario,access_category,wind_dir_cardinal
2023,1,2023-W01,2023-01-01,2023-01-08,168,1,7.164880952,7.35,13.3,0.7,2.751442515,11.43,2.44,304.9755751,1.250595238,1.2,2.2,0.6,0.372722148,1.965,0.7,2.026785714,3.4,123,168,5.125,7,123,40,5,16.37261905,8.79047619,17.2,1024.783929,47.61904762,Winter,Calm,Good (4-6 days),NW
2023,2,2023-W02,2023-01-08,2023-01-15,168,1,7.493452381,7.6,17.1,1.2,2.81005764,11.565,3.2,268.9921475,1.591071429,1.4,4.8,0.3,0.916438718,3.23,0.5,2.591666667,7,87,135,3.625,5.625,87,46,35,16.00297619,13.57083333,22.1,1019.761607,70.98214286,Winter,Moderate,Fair (2-4 days),W
2023,3,2023-W03,2023-01-15,2023-01-22,168,1,5.870833333,5.5,11.9,1.2,2.815660954,10.365,2.035,333.8405759,1.560714286,1.4,3.1,0.8,0.50042326,2.6,0.9,2.526190476,5.4,97,158,4.041666667,6.583333333,97,61,10,16.09583333,7.370833333,15.5,1023.916071,54.43452381,Winter,Moderate,Good (4-6 days),NW
2023,4,2023-W04,2023-01-22,2023-01-29,168,1,7.830952381,7.5,17.7,0.6,3.789853336,13.23,2.07,311.2305803,1.84047619,1.7,4.5,0.6,0.817491277,3.665,0.8,2.966071429,6.8,60,140,2.5,5.833333333,60,68,40,13.79702381,3.320238095,24,1021.241667,54.01785714,Winter,Moderate,Fair (2-4 days),NW
2023,5,2023-W05,2023-01-29,2023-02-05,168,2,6.55297619,6.5,12.6,0.9,3.130474617,11.3,1.905,318.3465366,1.289880952,1.2,2.7,0.5,0.417956231,2,0.7,2.080357143,5,111,166,4.625,6.916666667,111,52,5,14.72738095,8.845238095,16,1021.090774,49.53571429,Winter,Calm,Good (4-6 days),NW
2023,6,2023-W06,2023-02-05,2023-02-12,168,2,5.211904762,5.15,12.3,0.3,2.619910167,9.8,1.27,28.00788479,0.928571429,0.9,2,0.3,0.462114751,1.7,0.4,1.49702381,3.4,143,168,5.958333333,7,143,24,1,14.27261905,11.27619048,17.3,1022.130952,62.04166667,Winter,Calm,Good (4-6 days),NE
2023,7,2023-W07,2023-02-12,2023-02-19,168,2,7.045238095,7.1,14.1,0.9,3.241327619,12.5,2.235,28.91414257,1.573809524,1.4,3.1,0.5,0.706872855,2.8,0.6,2.555357143,5.2,90,147,3.75,6.125,90,49,29,14.69821429,10.23630952,18.4,1022.703571,70.41666667,Winter,Moderate,Fair (2-4 days),NE
2023,8,2023-W08,2023-02-19,2023-02-26,168,2,6.19702381,6.25,12.6,0.4,3.178622938,11.265,1.4,358.9422323,1.344047619,1.3,2.4,0.4,0.509984429,2.165,0.5,2.176488095,4.5,104,168,4.333333333,7,104,62,2,14.53184524,8.61577381,16.6,1027.280655,59.47321429,Winter,Calm,Good (4-6 days),N
2023,9,2023-W09,2023-02-26,2023-03-05,168,3,7.082738095,6.65,15.3,0.5,3.16721599,12.765,2.27,265.2410154,1.166071429,1,2.4,0.6,0.446386739,2,0.6,1.885119048,4.8,121,168,5.041666667,7,121,31,16,14.38809524,11.38630952,18.8,1026.653274,54.36904762,Spring,Calm,Good (4-6 days),W
2023,10,2023-W10,2023-03-05,2023-03-12,168,3,9.387123341,9.819016393,10.5,2.4,1.629563315,10.26252459,4.44,232.8599636,1.257648322,1.308770492,1.6,0.5,0.206231142,1.395008197,0.7,2.343489461,2.7,113,168,4.708333333,7,113,55,0,15.54936768,14.62110461,12.9,1021.571286,66.1239071,Spring,Rough Sea,Good (4-6 days),SW
2023,11,2023-W11,2023-03-12,2023-03-19,168,3,8.957377049,8.957377049,9.450163934,8.464590164,0.287064862,9.400885246,8.513868852,188.852459,1.138934426,1.138934426,1.234754098,1.043114754,0.055818168,1.225172131,1.052696721,2.065983607,2.298688525,168,168,7,7,168,0,0,16.03401639,14.45245902,11.6904918,1020.443852,71.71311475,Spring,Rough Sea,Excellent (>=6 days),S
2023,12,2023-W12,2023-03-19,2023-03-26,168,3,7.965901639,7.965901639,8.458688525,7.473114754,0.287064862,8.409409836,7.522393443,141.4819672,0.946147541,0.946147541,1.041967213,0.850327869,0.055818168,1.032385246,0.859909836,1.597786885,1.830491803,168,168,7,7,168,0,0,16.50221311,14.12196721,10.39606557,1019.590082,76.6704918,Spring,Calm,Excellent (>=6 days),SE
2023,13,2023-W13,2023-03-26,2023-04-02,168,3,7.568764637,7.15147541,12.2,5.3,1.315165843,11,6.725672131,88.22612832,0.933162568,0.785491803,2.4,0.5,0.428912046,2.1,0.7,1.42934719,3.9,150,168,6.25,7,150,15,3,16.85696233,13.69554059,15.3,1018.699839,80.04605777,Spring,Calm,Excellent (>=6 days),E
2023,14,2023-W14,2023-04-02,2023-04-09,168,4,8.532738095,8.8,15.1,1.3,3.233627522,13.265,2.6,267.3334371,1.543452381,1.5,3.2,0.6,0.581206661,2.765,0.8,2.429166667,5.8,81,153,3.375,6.375,81,57,30,16.81607143,12.79166667,19.7,1016.400595,66.51785714,Spring,Rough Sea,Fair (2-4 days),W
2023,15,2023-W15,2023-04-09,2023-04-16,168,4,7.561309524,7.8,14,0.3,3.06236427,12.43,2.405,238.4248107,1.223809524,1.2,2.6,0.4,0.490781864,2.2,0.5,1.904761905,4.7,120,167,5,6.958333333,120,35,13,16.67440476,13.7375,19.1,1012.205952,70.26785714,Spring,Calm,Good (4-6 days),SW
2023,16,2023-W16,2023-04-16,2023-04-23,168,4,6.335416667,4.472142857,13.1,1.1,3.084267232,11.765,3.225071429,312.4029985,1.29702381,1.028571429,2.7,0.4,0.643820121,2.4,0.5,2.00922619,4.4,106,167,4.416666667,6.958333333,106,55,7,17.05119048,13.83095238,18,1014.222024,67.94940476,Spring,Calm,Good (4-6 days),NW
2023,17,2023-W17,2023-04-23,2023-04-30,168,4,7.073809524,7.2,11.9,1.9,2.049572413,10.565,3.8,196.2852706,1.229166667,1.1,2.5,0.5,0.493108698,2.1,0.7,1.894642857,4,109,168,4.541666667,7,109,59,0,17.4577381,13.82619048,15.3,1015.257738,72.45238095,Spring,Calm,Good (4-6 days),S
2023,18,2023-W18,2023-04-30,2023-05-07,168,5,7.657738095,6.5,15,1.9,3.653519295,13.33,2.905,192.3658808,1.504761905,1,3.9,0.4,1.089350162,3.465,0.5,2.397916667,7.4,103,128,4.291666667,5.333333333,103,25,40,17.33154762,15.15178571,19.9,1014.751786,80.41071429,Spring,Moderate,Good (4-6 days),S
2023,19,2023-W19,2023-05-07,2023-05-14,168,5,5.098214286,4.75,12.5,0.6,2.498657681,10.495,1.535,102.0709506,1.085119048,0.9,3.3,0.4,0.687235186,3,0.5,1.69702381,7.2,147,155,6.125,6.458333333,147,8,13,17.67142857,15.075,16.1,1015.497024,77.66071429,Spring,Calm,Excellent (>=6 days),E
2023,20,2023-W20,2023-05-14,2023-05-21,168,5,7.422619048,7.8,11.8,1.1,2.614462365,11.2,2.7,218.6821784,1.004166667,1,2.2,0.2,0.45653658,1.6,0.3,1.580952381,3.9,135,168,5.625,7,135,33,0,18.56666667,16.5172619,16.2,1010.600595,90.95833333,Spring,Calm,Good (4-6 days),SW
2023,21,2023-W21,2023-05-21,2023-05-28,168,5,4.719642857,4.55,11,0.5,2.075787389,8.065,1.705,179.5343722,0.708928571,0.7,1.3,0.3,0.239217877,1.2,0.4,1.085714286,2.1,167,168,6.958333333,7,167,1,0,19.63809524,17.48392857,14.5,1014.813095,83.08928571,Spring,Calm,Excellent (>=6 days),S
2023,22,2023-W22,2023-05-28,2023-06-04,168,6,5.208333333,5.5,9.6,0.7,2.033592634,8,1.57,26.18149952,0.776190476,0.8,1.4,0.4,0.238065581,1.2,0.4,1.214285714,2.6,168,168,7,7,168,0,0,20.59642857,18.50714286,12.3,1008.625,87.06547619,Summer,Calm,Excellent (>=6 days),NE
2023,23,2023-W23,2023-06-04,2023-06-11,168,6,5.975595238,5.8,11.3,1.6,2.209952909,9.73,2.6,213.9077288,0.774702381,0.7,1.5,0.4,0.274516288,1.3,0.4,1.201190476,2.5,162,168,6.75,7,162,6,0,21.0452381,19.10714286,14.8,1007.241667,88.73214286,Summer,Calm,Excellent (>=6 days),SW
2023,24,2023-W24,2023-06-11,2023-06-18,168,6,4.825,4.7,9.9,0.3,2.444246575,9.1,1.135,246.8895243,0.58452381,0.5,1.4,0.2,0.274459315,1.2,0.3,0.879166667,2,168,168,7,7,168,0,0,22.57559524,20.42083333,12.8,1008.166071,93.28571429,Summer,Calm,Excellent (>=6 days),SW
2023,25,2023-W25,2023-06-18,2023-06-25,168,6,5.09047619,5.1,11.6,0.2,2.254051259,8.565,1.735,63.52031752,0.988095238,1,1.9,0.3,0.341502409,1.6,0.4,1.588690476,3.3,154,168,6.416666667,7,154,14,0,22.97380952,20.73452381,14.6,1008.557143,94.19642857,Summer,Calm,Excellent (>=6 days),NE
2023,26,2023-W26,2023-06-25,2023-07-02,168,6,8.113690476,8.5,13.8,2,2.614742304,11.5,3.605,227.2090229,1.221428571,1.2,2.3,0.6,0.3884782,1.9,0.7,1.910714286,3.8,111,168,4.625,7,111,51,6,23.06488095,21.67440476,17.9,1007.363095,98.80952381,Summer,Rough Sea,Good (4-6 days),SW
2023,27,2023-W27,2023-07-02,2023-07-09,168,7,4.9,4.45,12,0,3.103561794,9.8,0.7,189.4408191,0.910714286,0.9,1.9,0.4,0.343290822,1.565,0.5,1.411904762,3.1,156,168,6.5,7,156,12,0,23.8952381,22.03214286,16.9,1003.264286,98.63690476,Summer,Calm,Excellent (>=6 days),S
2023,28,2023-W28,2023-07-09,2023-07-16,168,7,8.688690476,8.65,13.7,1.1,2.52680067,12.9,4.735,213.2748515,1.331547619,1.2,2.5,0.7,0.443737512,2.2,0.8,2.054166667,4.3,116,168,4.833333333,7,116,31,21,23.22321909,23.01071429,17.8,1006.127976,99,Summer,Rough Sea,Good (4-6 days),SW
2023,29,2023-W29,2023-07-16,2023-07-23,168,7,4.404761905,4,12.8,0.3,2.597022928,8.2,0.9,146.7541194,0.69047619,0.7,1.4,0.3,0.253653093,1.1,0.4,1.075595238,2.5,164,168,6.833333333,7,164,2,2,25.67826901,23.6327381,16.2,1011.716667,98.31970759,Summer,Calm,Excellent (>=6 days),SE
2023,30,2023-W30,2023-07-23,2023-07-30,168,7,4.378571429,4.2,8.7,0.3,1.729426296,7.865,2.035,196.2043306,0.524404762,0.5,1.2,0.3,0.215263547,0.9,0.3,0.804166667,1.9,168,168,7,7,168,0,0,27.20892857,26.05,13.7,1014.05744,96.73143236,Summer,Calm,Excellent (>=6 days),S
2023,31,2023-W31,2023-07-30,2023-08-06,168,8,4.154761905,4.05,8.2,1.1,1.475176211,6.7,2,142.9238506,0.65327381,0.7,1.2,0.3,0.24648061,1,0.3,0.989880952,1.9,168,168,7,7,168,0,0,29.15446429,27.60208333,10.3,1006.281845,94.28050398,Summer,Calm,Excellent (>=6 days),SE
2023,32,2023-W32,2023-08-06,2023-08-13,168,8,8.467857143,8.7,18.9,0.6,3.916085688,14.065,2.17,37.11547633,1.891071429,1.55,5,0.7,1.060721162,3.465,0.7,2.996130952,7.5,84,117,3.5,4.875,84,33,51,27.54166667,25.7875,27,1000.875595,91.8295756,Summer,Rough Sea,Fair (2-4 days),NE
2023,33,2023-W33,2023-08-13,2023-08-20,168,8,6.008928571,5.5,13.3,0.5,3.010198839,11.265,1.835,42.82287623,1.470238095,1.3,3.3,0.4,0.761778531,3.1,0.5,2.35,6.5,108,151,4.5,6.291666667,108,43,17,27.08214286,24.94880952,16.7,1006.955952,89.37864721,Summer,Calm,Good (4-6 days),NE
2023,34,2023-W34,2023-08-20,2023-08-27,168,8,5.032738095,4.9,11.2,0.1,2.330749848,8.865,1.935,181.7384954,0.633928571,0.5,2.2,0.2,0.425367802,1.5,0.2,0.974404762,3.8,161,168,6.708333333,7,161,7,0,28.27202381,26.55,15.1,1008.105357,86.48691897,Summer,Calm,Excellent (>=6 days),S
2023,35,2023-W35,2023-08-27,2023-09-03,168,8,4.973809524,4.95,11,1,2.306005186,9.095,1.535,88.9622691,0.931845238,0.9,1.8,0.3,0.365684724,1.6,0.4,1.464583333,3.6,154,168,6.416666667,7,154,14,0,27.32559524,25.40922619,14.4,1010.186012,91.86309524,Summer,Calm,Excellent (>=6 days),E
2023,36,2023-W36,2023-09-03,2023-09-10,168,9,8.013690476,8.7,12.2,3.5,2.28181894,11.265,4.635,21.79941129,1.769642857,1.8,3.2,0.6,0.750549414,2.865,0.735,2.7875,5.3,78,134,3.25,5.583333333,78,55,35,26.53809524,24.56190476,15.5,1011.47619,78.56547619,Fall,Rough Sea,Fair (2-4 days),N
2023,37,2023-W37,2023-09-10,2023-09-17,168,9,4.519047619,4.2,11.4,0.2,2.597648692,9.365,0.8,57.88707593,0.839880952,0.8,2.1,0.3,0.42442492,1.6,0.3,1.328571429,3.5,155,168,6.458333333,7,155,13,0,27.26845238,24.6452381,14.5,1011.571429,89.13095238,Fall,Calm,Excellent (>=6 days),NE
2023,38,2023-W38,2023-09-17,2023-09-24,168,9,7.731547619,7.5,15.4,0.4,2.988684045,13.16,2.835,343.6992692,1.601190476,1.55,4,0.3,1.01450487,3.565,0.4,2.611904762,7.5,82,137,3.416666667,5.708333333,82,49,37,27.09583333,23.725,21.2,1013.869643,76.93452381,Fall,Moderate,Fair (2-4 days),N
2023,39,2023-W39,2023-09-24,2023-10-01,168,9,4.725595238,4.7,11.6,0.5,2.223742248,8.065,1.235,328.1038431,0.766666667,0.6,2.4,0.3,0.414362893,1.6,0.3,1.201190476,3.9,155,168,6.458333333,7,155,13,0,26.09940476,23.15714286,15.4,1012.642262,75.375,Fall,Calm,Excellent (>=6 days),NW
2023,40,2023-W40,2023-10-01,2023-10-08,168,10,5.596428571,5.5,13.2,0.9,2.284991198,9.265,2.035,14.41885274,1.416071429,1.5,2.9,0.4,0.662180245,2.5,0.535,2.275595238,5.2,88,161,3.666666667,6.708333333,88,70,10,25.1672619,20.42142857,17.4,1017.107738,56.91071429,Fall,Calm,Fair (2-4 days),N
2023,41,2023-W41,2023-10-08,2023-10-15,168,10,6.380357143,6.8,10,0.6,2.217331269,9.3,1.5,16.83674905,1.188690476,1.2,1.9,0.4,0.412299757,1.8,0.6,1.839880952,3.2,124,168,5.166666667,7,124,44,0,23.91904762,19.87678571,13.5,1017.207738,61.76190476,Fall,Calm,Good (4-6 days),N
2023,42,2023-W42,2023-10-15,2023-10-22,168,10,6.917261905,7.1,14.1,0.4,2.982784879,11.46,1.635,289.1782735,1.218452381,1.1,2.5,0.6,0.402334487,2.1,0.7,1.91547619,3.9,123,168,5.125,7,123,43,2,23.2452381,17.58571429,17.9,1017.256548,58.32142857,Fall,Calm,Good (4-6 days),W
2023,43,2023-W43,2023-10-22,2023-10-29,168,10,5.166666667,5,15,0.2,2.66306893,8.895,1.4,311.6559104,0.9,0.6,2.9,0.2,0.639704273,2.3,0.3,1.407142857,5.7,144,163,6,6.791666667,144,16,8,22.58095238,17.88571429,19.5,1017.980357,63.95238095,Fall,Calm,Excellent (>=6 days),NW
2023,44,2023-W44,2023-10-29,2023-11-05,168,11,6.250595238,5.95,13.1,0.6,3.175693559,11.23,1.335,234.9242291,1.019345238,1,2,0.4,0.410634298,1.8,0.4,1.592261905,3.4,125,168,5.208333333,7,125,38,5,22.03660714,19.3889881,17.3,1019.607143,76.98214286,Fall,Calm,Good (4-6 days),SW
2023,45,2023-W45,2023-11-05,2023-11-12,168,11,7.872619048,8.3,16.3,0.6,3.9264145,14.1,1.9,318.0727507,1.770833333,1.85,3.9,0.5,0.748759786,3.2,0.7,2.843452381,8,66,144,2.75,6,66,63,39,21.77738095,14.77857143,22,1018.993452,63.14285714,Fall,Moderate,Fair (2-4 days),NW
2023,46,2023-W46,2023-11-12,2023-11-19,168,11,7.411904762,7.6,15.7,0.3,3.272582703,12.83,1.935,294.5225999,1.523214286,1.5,3.4,0.5,0.696954299,3,0.7,2.410119048,6.3,88,152,3.666666667,6.333333333,88,51,29,21.52916667,10.17738095,21,1019.501786,54.55357143,Fall,Moderate,Fair (2-4 days),NW
2023,47,2023-W47,2023-11-19,2023-11-26,168,11,7.333928571,8.1,14.5,0.8,3.29989712,12.195,2.07,293.1879124,1.454166667,1.3,3.6,0.6,0.625204557,2.865,0.8,2.313095238,6.9,87,151,3.625,6.291666667,87,55,26,19.98809524,11.79464286,18.1,1021.154762,62.69047619,Fall,Calm,Fair (2-4 days),NW
2023,48,2023-W48,2023-11-26,2023-12-03,168,11,7.383333333,8.1,13.2,0.3,3.006513222,11.365,1.7,294.233817,1.34702381,1.3,2.1,0.6,0.322773459,1.9,0.8,2.085714286,3.4,107,168,4.458333333,7,107,59,2,19.42440476,7.910714286,17.8,1021.593452,54.44642857,Fall,Calm,Good (4-6 days),NW
2023,49,2023-W49,2023-12-03,2023-12-10,168,12,7.407738095,7.75,15.2,0.5,3.54071269,13.63,2.1,269.2483328,1.066071429,1.1,2.3,0.3,0.474856468,2.065,0.4,1.663690476,4.2,128,168,5.333333333,7,128,20,20,18.67321429,13.30119048,19.2,1017.241667,63.66666667,Winter,Calm,Good (4-6 days),W
2023,50,2023-W50,2023-12-10,2023-12-17,168,12,8.941071429,9.3,15.8,3.1,2.969230033,13.3,4.435,354.3741361,2.45297619,2.5,4.3,0.9,0.815120989,3.7,1.1,3.91577381,7.1,29,85,1.208333333,3.541666667,29,50,89,18.63630952,9.976190476,20.5,1020.310714,76.73809524,Winter,Rough Sea,Poor (<2 days),N
2023,51,2023-W51,2023-12-17,2023-12-24,168,12,7.176488095,7.25,15.5,2,3.008876716,11.565,2.8,320.8346049,1.705952381,1.7,2.7,0.7,0.492136048,2.5,0.9,2.666666667,4.9,67,162,2.791666667,6.75,67,89,12,17.48333333,1.125297619,22.1,1028.939286,57.83928571,Winter,Moderate,Fair (2-4 days),NW
2023,52,2023-W52,2022-12-31,2023-12-31,192,12,5.63125,5.35,14.5,0.6,3.123154953,11.3,1.6,293.4777265,0.922395833,0.9,3.4,0.3,0.407416184,1.445,0.5,1.445572917,6.5,173,189,7.208333333,7.875,173,12,7,16.80963542,8.204166667,19.6,1024.663542,60.34375,Winter,Calm,Excellent (>=6 days),NW
2024,1,2024-W01,2023-12-31,2024-12-31,216,1,7.636111111,8.2,13.6,0.7,2.928670095,12.025,2.275,301.6051064,1.4625,1.25,4,0.6,0.678254428,3.2,0.8,2.346759259,7.9,137,193,5.708333333,8.041666667,137,46,33,16.36018519,7.747222222,18.4,1020.402315,55.9537037,Winter,Calm,Good (4-6 days),NW
2024,2,2024-W02,2024-01-07,2024-01-14,168,1,6.974404762,6.7,14.8,0.7,3.128887944,12.395,2.235,295.1227176,1.533928571,1.5,3.4,0.6,0.608505616,2.465,0.7,2.414285714,5.4,76,162,3.166666667,6.75,76,76,16,16.05714286,6.853571429,20.8,1019.751786,59.08928571,Winter,Moderate,Fair (2-4 days),NW
2024,3,2024-W03,2024-01-14,2024-01-21,168,1,8.873214286,9.25,13.8,0.8,3.176833682,12.995,3.035,353.6077546,2.333928571,2.3,4.3,0.7,0.924634924,3.8,1.1,3.793452381,7.7,41,91,1.708333333,3.791666667,41,48,79,15.8202381,8.796428571,19.6,1024.417857,72.10714286,Winter,Rough Sea,Poor (<2 days),N
2024,4,2024-W04,2024-01-21,2024-01-28,168,1,7.62797619,7.5,14.9,0.7,3.139471056,12.3,2,318.3262891,2.748809524,2.8,4.1,1.1,0.634061907,3.765,1.835,4.273809524,7,3,66,0.125,2.75,3,63,102,15.03571429,1.702380952,21,1023.733333,55.77380952,Winter,Extreme Weather,Poor (<2 days),NW
2024,5,2024-W05,2024-01-28,2024-02-04,168,2,5.692261905,5.2,13,0.6,3.030424508,10.93,1.3,23.5474479,1.344642857,1.2,3.8,0.3,0.869768978,3.365,0.3,2.145833333,6,96,152,4,6.333333333,96,55,17,15.3375,7.966666667,16.9,1026.165476,69.75,Winter,Calm,Good (4-6 days),NE
2024,6,2024-W06,2024-02-04,2024-02-11,168,2,7.057738095,6.8,15.3,0.6,3.356832286,13,1.535,356.1979225,1.511011905,1.2,5,0.6,1.043911283,3.965,0.6,2.416964286,8.5,123,143,5.125,5.958333333,123,17,28,14.56964286,6.211904762,20.4,1020.995833,64.21428571,Winter,Moderate,Good (4-6 days),N
2024,7,2024-W07,2024-02-11,2024-02-18,168,2,7.144047619,6.85,15.1,0.5,3.169629503,13.03,2.17,188.6368822,1.413095238,1.1,4.1,0.5,0.8436845,3.765,0.7,2.225595238,7.2,114,152,4.75,6.333333333,114,31,23,15.10714286,10.00327381,20.7,1023.427976,73.25,Winter,Calm,Good (4-6 days),S
2024,8,2024-W08,2024-02-18,2024-02-25,168,2,11.09761905,11.05,15.6,5.3,2.010897032,14.13,7.675,13.94925827,2.683928571,2.5,4.5,0.9,0.866704845,4,1.5,4.28452381,7.8,6,85,0.25,3.541666667,6,72,90,15.27619048,8.120833333,20.4,1021.970833,81.32142857,Winter,Extreme Weather,Poor (<2 days),N
2024,9,2024-W09,2024-02-25,2024-03-03,168,2,8.406547619,9,12.3,2.4,2.519626906,11.665,3.735,339.8237363,1.845238095,1.8,2.9,0.9,0.471309746,2.665,1.1,2.89047619,4.9,46,155,1.916666667,6.458333333,46,107,15,15.62857143,6.075,17.2,1023.29881,59.67261905,Winter,Rough Sea,Poor (<2 days),N
2024,10,2024-W10,2024-03-03,2024-03-10,168,3,7.64047619,7.65,14.7,0.7,3.715370858,13.03,1.835,10.20644009,1.838392857,1.6,4.1,0.5,0.891795155,3.43,0.7,2.941071429,6.9,64,130,2.666666667,5.416666667,64,65,39,15.16607143,7.519940476,19.5,1018.6625,60.5625,Spring,Moderate,Fair (2-4 days),N
2024,11,2024-W11,2024-03-10,2024-03-17,168,3,6.838095238,6.75,13.1,1.2,2.952108949,12,2.035,261.7397843,1.067261905,1,2.7,0.3,0.55580734,2.4,0.4,1.667261905,4.9,133,162,5.541666667,6.75,133,25,10,14.92142857,11.06785714,17.2,1018.84881,62.80952381,Spring,Calm,Good (4-6 days),W
2024,12,2024-W12,2024-03-17,2024-03-24,168,3,7.718452381,8,14.9,1.2,3.092382758,13.065,2.51,31.54542443,1.842261905,1.8,3.6,0.9,0.638907847,3.1,1,2.922619048,7.1,66,142,2.75,5.916666667,66,64,38,14.825,9.525,20.3,1017.42619,64.25595238,Spring,Moderate,Fair (2-4 days),NE
2024,13,2024-W13,2024-03-24,2024-03-31,168,3,8.27797619,8.5,16.4,0.9,4.073169485,14.36,1.97,54.48697044,1.829166667,1.6,4.1,0.6,0.857817462,3.63,0.735,2.882738095,6.9,74,135,3.083333333,5.625,74,46,48,15.51369048,11.47857143,22.7,1013.854167,73.91666667,Spring,Rough Sea,Fair (2-4 days),NE
2024,14,2024-W14,2024-03-31,2024-04-07,168,4,5.605952381,5.5,12.6,0.2,3.140134296,11.165,0.935,53.37596934,0.998214286,0.7,2.7,0.2,0.703240848,2.5,0.2,1.607738095,4.8,134,163,5.583333333,6.791666667,134,27,7,15.96071429,13.31547619,17.4,1015.068452,76.08333333,Spring,Calm,Good (4-6 days),NE
2024,15,2024-W15,2024-04-07,2024-04-14,168,4,4.270535714,3.2,14.1,0.4,3.306559125,12.76,1.035,113.105458,0.935416667,0.4,4.1,0.2,0.995845683,3.1,0.2,1.475297619,7,130,150,5.416666667,6.25,130,17,21,17.0047619,14.11160714,18.9,1020.207143,78.61607143,Spring,Calm,Good (4-6 days),SE
2024,16,2024-W16,2024-04-14,2024-04-21,168,4,6.11712963,6.35,11.6,0.5,2.651390279,10.065,1.735,231.6503386,0.983333333,0.8,2.5,0.3,0.515701565,1.8,0.3,1.524404762,4,143,168,5.958333333,7,143,25,0,17.09404762,15.05059524,15.2,1011.295833,85.33928571,Spring,Calm,Good (4-6 days),SW
2024,17,2024-W17,2024-04-21,2024-04-28,168,4,6.669775132,7.285648148,9,1.1,1.993571528,8.843472222,2.8,153.0303005,1.199404762,1.2,2.5,0.2,0.679247296,2.2,0.3,1.861904762,4.1,106,168,4.416666667,7,106,62,0,17.26904762,15.16011905,11.5,1011.140476,86.26190476,Spring,Calm,Good (4-6 days),SE
2024,18,2024-W18,2024-04-28,2024-05-05,168,5,6.45297619,6.35,12.3,0.2,3.294941243,11.43,1.4,81.38329661,1.185714286,1.1,2.6,0.3,0.676667222,2.3,0.3,1.858333333,4.6,115,166,4.791666667,6.916666667,115,50,3,17.64702381,15.1389881,15.5,1014.039286,81.51190476,Spring,Calm,Good (4-6 days),E
2024,19,2024-W19,2024-05-05,2024-05-12,168,5,8.625,9.75,13.8,0,3.123098224,12.1,2,219.2599424,1.7125,1.7,3.1,0.7,0.55931818,2.565,0.8,2.692261905,4.6,58,159,2.416666667,6.625,58,91,19,18.01428571,15.69940476,18.5,1013.676786,80.7797619,Spring,Rough Sea,Fair (2-4 days),SW
2024,20,2024-W20,2024-05-12,2024-05-19,168,5,6.756547619,6.3,13,0.3,2.812177111,11.465,2.635,225.6798114,1.29047619,0.8,4.4,0.3,1.01911304,3.465,0.4,2.031547619,7.1,112,144,4.666666667,6,112,28,28,18.31964286,16.33571429,17.5,1013.282143,79.00595238,Spring,Calm,Good (4-6 days),SW
2024,21,2024-W21,2024-05-19,2024-05-26,168,5,5.802380952,6.4,10.2,0.8,2.166261505,8.665,1.7,70.86367193,0.860119048,0.8,1.6,0.4,0.237537235,1.3,0.5,1.339285714,2.5,165,168,6.875,7,165,3,0,19.0625,16.87916667,13.4,1014.497024,84.86904762,Spring,Calm,Excellent (>=6 days),E
2024,22,2024-W22,2024-05-26,2024-06-02,168,5,5.602678571,4.95,13.7,0.5,2.896654373,11.265,1.635,251.8508912,0.924404762,0.8,2.2,0.4,0.474940529,2,0.4,1.417261905,3.6,139,168,5.791666667,7,139,27,2,19.89791667,17.88422619,17.3,1008.603274,80.53869048,Spring,Calm,Good (4-6 days),W
2024,23,2024-W23,2024-06-02,2024-06-09,168,6,4.390178571,4.4,9,0.4,2.037531521,7.5,1.135,99.04400626,0.74077381,0.7,1.7,0.3,0.29132363,1.2,0.3,1.164285714,3.2,166,168,6.916666667,7,166,2,0,20.99583333,18.20119048,11.6,1014.208036,83.5625,Summer,Calm,Excellent (>=6 days),E
2024,24,2024-W24,2024-06-09,2024-06-16,168,6,5.368154762,4.9,10.5,0.3,2.272501758,9.4,1.9,192.6265993,0.556547619,0.4,1.4,0.2,0.316585428,1.2,0.2,0.84047619,2.3,165,168,6.875,7,165,3,0,21.86785714,20.72261905,13.2,1005.689881,92.11309524,Summer,Calm,Excellent (>=6 days),S
2024,25,2024-W25,2024-06-16,2024-06-23,168,6,6.18452381,5.95,13.6,1.5,2.67808221,10.75,2.1,205.2607263,0.803869048,0.6,2.3,0.2,0.509755049,1.8,0.3,1.24672619,3.9,145,168,6.041666667,7,145,16,7,23.03392857,21.70982143,17.8,1004.572024,89.33928571,Summer,Calm,Excellent (>=6 days),SW
2024,26,2024-W26,2024-06-23,2024-06-30,168,6,6.264880952,4.9,15.5,0.2,4.02626318,13.695,1.07,208.8638217,1.102380952,0.9,3.4,0.3,0.732149029,2.8,0.335,1.701785714,5.1,122,153,5.083333333,6.375,122,28,18,22.15416667,21.26577381,20.7,1008.263095,90.7797619,Summer,Calm,Good (4-6 days),SW
2024,27,2024-W27,2024-06-30,2024-07-07,168,7,9.166666667,10,13.7,0.3,2.913702229,12.865,3.04,211.5937499,1.314285714,1.3,2.2,0.7,0.341761151,1.8,0.8,2.044047619,3.9,84,168,3.5,7,84,64,20,21.36309524,21.40178571,17.4,1006.854167,98.19642857,Summer,Rough Sea,Fair (2-4 days),SW
2024,28,2024-W28,2024-07-07,2024-07-14,168,7,10.77535014,11.35,14.5,2.2,2.413381699,13.41529412,5.71,210.6518289,1.846608643,2.043417367,2.5,0.6,0.540756029,2.453221289,0.835,3.090681273,4.3,40,168,1.666666667,7,40,67,61,21.94304722,22.5857543,19,1002.466432,97.66776711,Summer,Rough Sea,Poor (<2 days),SW
2024,29,2024-W29,2024-07-14,2024-07-21,168,7,7.967647059,7.967647059,10.42352941,5.511764706,1.430633707,10.17794118,5.757352941,208.2184874,1.427170868,1.427170868,1.894957983,0.959383754,0.272501658,1.848179272,1.006162465,2.368907563,3.21092437,97,168,4.041666667,7,97,71,0,23.81386555,23.68011204,14.27394958,1004.037675,97.53641457,Summer,Calm,Good (4-6 days),SW
2024,30,2024-W30,2024-07-21,2024-07-28,168,7,4.702240896,4.585294118,8.9,0.3,1.617966642,7.8,2.435,200.8858989,0.806577631,0.8,1.3,0.4,0.208543073,1.2,0.5,1.22314926,2.4,168,168,7,7,168,0,0,26.21987295,25.28353842,10.9,1010.317322,96.10534214,Summer,Calm,Excellent (>=6 days),S
2024,31,2024-W31,2024-07-28,2024-08-04,168,8,6.177380952,6.45,11,0.9,2.524365157,9.8,2.17,232.3277903,0.688392857,0.7,1.3,0.2,0.279176141,1.2,0.2835,1.044047619,2.1,160,168,6.666666667,7,160,8,0,27.09821429,26.15714286,14.6,1006.9625,92.0952381,Summer,Calm,Excellent (>=6 days),SW
2024,32,2024-W32,2024-08-04,2024-08-11,168,8,3.901190476,4.15,9.6,0.7,1.293280103,5.5,1.535,37.3661752,0.635714286,0.6,1.2,0.3,0.262709446,1.1,0.3,1.003571429,1.9,168,168,7,7,168,0,0,30.01190476,27.40982143,13.4,1005.782143,81.69642857,Summer,Calm,Excellent (>=6 days),NE
2024,33,2024-W33,2024-08-11,2024-08-18,168,8,5.719642857,5.6,8.2,3.3,0.962174367,7.4,4.3,29.69793365,1.045238095,0.9,1.9,0.7,0.283648075,1.5,0.7,1.65,3.1,161,168,6.708333333,7,161,7,0,29.34285714,27.05952381,10.4,1008.539286,80.60714286,Summer,Calm,Excellent (>=6 days),NE
2024,34,2024-W34,2024-08-18,2024-08-25,168,8,6.018452381,5.6,12.4,1.8,2.387809356,9.965,2.4,185.9517747,0.919642857,0.9,1.8,0.3,0.418903463,1.6,0.3,1.414285714,3.2,149,168,6.208333333,7,149,18,1,29.16130952,27.45238095,15.4,1009.605357,88.03571429,Summer,Calm,Excellent (>=6 days),S
2024,35,2024-W35,2024-08-25,2024-09-01,168,8,7.783333333,7.9,15.6,0.3,4.378016211,14.6,2.035,31.46946344,1.735416667,1.6,4,0.3,1.04894521,3.465,0.3,2.757738095,6.5,81,129,3.375,5.375,81,45,42,28.51011905,26.58928571,21.2,1005.444643,83.14880952,Summer,Moderate,Fair (2-4 days),NE
2024,36,2024-W36,2024-09-01,2024-09-08,168,9,5.151785714,5.1,10.9,0.1,2.427289294,9.3,1.535,15.56749417,0.864285714,0.7,2.4,0.3,0.432827456,1.665,0.4,1.361309524,3.6,153,168,6.375,7,153,15,0,28.25178571,25.74702381,13.8,1011.307738,80.05952381,Fall,Calm,Excellent (>=6 days),N
2024,37,2024-W37,2024-09-08,2024-09-15,168,9,4.486904762,4.65,11.4,0,2.028066658,7.32,1.6,37.30264634,0.736309524,0.7,2.3,0.3,0.342971058,1.465,0.4,1.15952381,3.9,159,168,6.625,7,159,9,0,29.20267857,27.09464286,14.8,1012.366369,86,Fall,Calm,Excellent (>=6 days),NE
2024,38,2024-W38,2024-09-15,2024-09-22,168,9,6.105952381,5.65,16.4,0.3,3.661168662,11.9,1.5,45.17189849,1.607738095,1,4.7,0.2,1.28043766,4,0.3,2.512202381,8.2,93,125,3.875,5.208333333,93,32,43,29.23809524,26.38095238,22.3,1012.559524,87.16666667,Fall,Moderate,Fair (2-4 days),NE
2024,39,2024-W39,2024-09-22,2024-09-29,168,9,7.725297619,8,13,2.5,2.6303161,11.5,3.67,38.87753381,1.561607143,1.5,3.4,0.5,0.746457054,2.8,0.5,2.47827381,6.1,85,153,3.541666667,6.375,85,68,15,26.88690476,23.80505952,16.8,1015.438393,72.24107143,Fall,Moderate,Fair (2-4 days),NE
2024,40,2024-W40,2024-09-29,2024-10-06,168,10,8.288690476,7.75,14.5,1.5,3.067673358,13.365,3.335,27.82212242,1.804166667,1.5,3.8,0.6,0.885891017,3.4,0.8,2.871130952,7.6,89,128,3.708333333,5.333333333,89,39,40,25.11636905,21.10267857,20,1017.390774,70.69345238,Fall,Rough Sea,Fair (2-4 days),NE
2024,41,2024-W41,2024-10-06,2024-10-13,168,10,5.755357143,5.85,10.9,0.4,2.950910931,10.065,1.4,41.22419121,1.124404762,1,2.5,0.5,0.488397971,2.1,0.5,1.761904762,4.1,138,168,5.75,7,138,30,0,24.44494048,20.2735119,14.3,1017.71369,68.52678571,Fall,Calm,Good (4-6 days),NE
2024,42,2024-W42,2024-10-13,2024-10-20,168,10,8.469642857,7.8,16.8,1.9,3.33410536,15.365,3.805,49.68071376,1.849404762,1.4,5.1,0.6,1.183591692,4.6,0.8,2.970535714,8.4,94,136,3.916666667,5.666666667,94,40,34,24.8327381,20.97678571,22.8,1020.032143,79.96428571,Fall,Rough Sea,Fair (2-4 days),NE
2024,43,2024-W43,2024-10-20,2024-10-27,168,10,6.603571429,7,12.7,1.2,2.698145135,10.565,2.735,28.26260786,1.412797619,1.4,2.9,0.5,0.465806783,2.265,0.735,2.272619048,5.4,109,161,4.541666667,6.708333333,109,49,10,23.75654762,19.42708333,15.9,1018.791667,72.17261905,Fall,Calm,Good (4-6 days),NE
2024,44,2024-W44,2024-10-27,2024-11-03,168,10,7.463095238,6.95,16.6,0.7,3.119833397,12.995,2.535,32.87088248,1.631547619,1.3,4,0.5,0.880129269,3.265,0.6,2.6,6.5,96,131,4,5.458333333,96,29,43,23.3452381,18.87738095,22.2,1018.690476,69.80952381,Fall,Moderate,Good (4-6 days),NE
2024,45,2024-W45,2024-11-03,2024-11-10,168,11,6.400595238,6.4,12.3,0.2,2.515496809,10.965,1.835,45.93152304,1.511309524,1.4,2.9,0.5,0.55934367,2.665,0.7,2.361309524,5.2,96,156,4,6.5,96,60,12,22.67261905,16.02738095,16.4,1023.277976,61.05952381,Fall,Moderate,Good (4-6 days),NE
2024,46,2024-W46,2024-11-10,2024-11-17,168,11,5.859821429,6.2,11.7,0.6,2.806665819,10.63,1.735,38.83136541,1.04375,0.9,2.6,0.5,0.464815574,2,0.5,1.645535714,4.2,131,167,5.458333333,6.958333333,131,36,1,22.35714286,17.85089286,15.3,1018.889286,66.19345238,Fall,Calm,Good (4-6 days),NE
2024,47,2024-W47,2024-11-17,2024-11-24,168,11,7.154166667,7.35,14,0.7,3.201685637,12.925,2.1675,15.34817768,1.808630952,1.7,3.8,0.6,0.899534095,3.2,0.7,2.845535714,7,78,123,3.25,5.125,78,45,45,21.50386905,12.16428571,20.8,1024.665476,59.15178571,Fall,Moderate,Fair (2-4 days),N
2024,48,2024-W48,2024-11-24,2024-12-01,168,11,8.697619048,9.15,16.7,1.9,3.355662876,13.86,3.135,272.5735608,1.65,1.6,3.6,0.7,0.562074856,2.5,0.8,2.625,6.7,76,160,3.166666667,6.666666667,76,62,30,20.44583333,10.61964286,22.1,1014.842857,57.32738095,Fall,Rough Sea,Fair (2-4 days),W
2024,49,2024-W49,2024-12-01,2024-12-08,168,12,8.013095238,8.1,12.7,2.9,2.179011464,11.165,4.575,301.2384522,1.392261905,1.4,2.4,0.7,0.373364221,1.965,0.8,2.148809524,4.7,98,168,4.083333333,7,98,67,3,19.47857143,9.093452381,17.3,1018.979762,52.33928571,Winter,Rough Sea,Good (4-6 days),NW
2024,50,2024-W50,2024-12-08,2024-12-15,168,12,6.803571429,6.8,14.1,1.5,2.873581772,11.8,2.535,323.3785652,1.507738095,1.4,3.2,0.7,0.557367317,2.5,0.8,2.376488095,5.4,101,161,4.208333333,6.708333333,101,52,15,18.52202381,7.141071429,18.7,1020.70119,52.53571429,Winter,Moderate,Good (4-6 days),NW
2024,51,2024-W51,2024-12-15,2024-12-22,168,12,8.03125,8.1,14.2,0.9,3.034845967,12.765,2.775,311.016939,1.710416667,1.5,4,0.7,0.664877058,2.965,1,2.70297619,6.5,85,144,3.541666667,6,85,51,32,17.16845238,5.898214286,18.5,1021.622619,56.05059524,Winter,Rough Sea,Fair (2-4 days),NW
2024,52,2024-W52,2024-12-22,2024-12-29,168,12,7.494642857,7.65,15.4,0.8,3.293493112,12.865,1.635,300.1643367,1.55,1.5,2.3,0.8,0.360970084,2.1,0.9,2.388095238,3.9,81,168,3.375,7,81,74,13,16.61845238,5.526785714,21.6,1023.277976,51.23214286,Winter,Moderate,Fair (2-4 days),NW
2025,1,2025-W01,2024-12-31,2025-12-31,192,1,7.153645833,7.25,13,0.4,2.690119061,11.6,2.5,304.6593366,1.2375,1.1,2.1,0.7,0.354551557,1.9,0.8,1.961458333,4,148,192,6.166666667,8,148,37,7,16.58645833,6.98125,18.3,1022.078125,48.8125,Winter,Calm,Excellent (>=6 days),NW
2025,2,2025-W02,2025-01-05,2025-01-12,168,1,8.257142857,8.1,14,1.9,2.623285215,12.83,4.535,300.4561913,1.820833333,1.9,2.8,0.6,0.436213177,2.4,0.8,2.841666667,4.2,22,165,0.916666667,6.875,22,130,16,15.35654762,2.001190476,20.8,1020.991667,55.73214286,Winter,Rough Sea,Poor (<2 days),NW
2025,3,2025-W03,2025-01-12,2025-01-19,168,1,6.525,6.6,13.9,0.2,2.767059227,10.465,1.87,286.5891465,1.199404762,1.1,2.2,0.5,0.393281454,1.965,0.7,1.854464286,3.9,127,168,5.291666667,7,127,38,3,15.01488095,5.804166667,18,1023.054167,52.46428571,Winter,Calm,Good (4-6 days),W
2025,4,2025-W04,2025-01-19,2025-01-26,168,1,6.063095238,5.35,12.9,0.5,3.046870575,11.565,1.835,13.53017581,1.128571429,0.7,3.6,0.4,0.788171754,2.565,0.5,1.759821429,5.3,125,159,5.208333333,6.625,125,33,10,14.93392857,8.0875,16.7,1022.613095,55.0297619,Winter,Calm,Good (4-6 days),N
2025,5,2025-W05,2025-01-26,2025-02-02,168,1,7.096428571,6.75,13.8,1,3.187116521,11.865,2.135,305.4723592,1.601190476,1.6,2.5,0.9,0.360137714,2.2,1,2.538690476,4.2,72,168,3,7,72,88,8,14.24345238,4.966666667,19.3,1020.095833,59.77380952,Winter,Moderate,Fair (2-4 days),NW
2025,6,2025-W06,2025-02-02,2025-02-09,168,2,9.075595238,9.55,15.3,1.3,3.276289288,13.9,3.3,307.7557574,2.094047619,2.1,3.4,1.1,0.455531851,2.8,1.4,3.239880952,5.3,13,144,0.541666667,6,13,110,45,13.97321429,-0.380952381,20.8,1018.654167,53.10119048,Winter,Rough Sea,Poor (<2 days),NW
2025,7,2025-W07,2025-02-09,2025-02-16,168,2,5.789880952,5.4,16.5,1.2,2.957496106,11.165,2.1,280.7712717,1.107142857,1,2.4,0.4,0.437545061,1.9,0.5,1.735119048,4.5,136,168,5.666666667,7,136,25,7,13.0875,5.628571429,21.9,1020.415476,54.05952381,Winter,Calm,Good (4-6 days),W
2025,8,2025-W08,2025-02-16,2025-02-23,168,2,9.426966286,9.627618577,11.2,4.1,0.838909636,9.895064229,7.8,323.7147069,1.58125,1.5,2.3,1.2,0.240302174,2,1.3,2.448214286,3.8,85,168,3.541666667,7,85,83,0,12.72113095,1.937797619,13.9,1025.49256,43.04166667,Winter,Rough Sea,Fair (2-4 days),NW
2025,9,2025-W09,2025-02-23,2025-03-02,168,2,9.101136364,9.101136364,9.406422925,8.795849802,0.177839645,9.375894269,8.826378458,285.0795455,1.035119048,0.9,3.3,0.3,0.527579478,2,0.4,1.604761905,5.4,139,166,5.791666667,6.916666667,139,27,2,12.64047619,7.75,12.40632411,1022.092857,63.79761905,Winter,Rough Sea,Good (4-6 days),W
2025,10,2025-W10,2025-03-02,2025-03-09,168,3,8.486907115,8.486907115,8.792193676,8.181620553,0.177839645,8.76166502,8.212149209,242.083498,2.388690476,2,5,0.6,1.334481693,4.8,0.7,3.768154762,8.2,53,105,2.208333333,4.375,53,52,63,12.98392857,5.872321429,11.543083,1023.934226,68.61011905,Spring,Rough Sea,Fair (2-4 days),SW
2025,11,2025-W11,2025-03-09,2025-03-16,168,3,7.872677866,7.872677866,8.177964427,7.567391304,0.177839645,8.147435771,7.59791996,199.0874506,1.256547619,0.7,3.5,0.2,0.992465018,3.1,0.3,1.988690476,6.9,119,138,4.958333333,5.75,119,19,30,13.51071429,8.92797619,10.6798419,1020.488095,66.24404762,Spring,Calm,Good (4-6 days),S
2025,12,2025-W12,2025-03-16,2025-03-23,168,3,7.258448617,7.258448617,7.563735178,6.953162055,0.177839645,7.533206522,6.983690711,156.0914032,2.166071429,2.1,4.8,1,0.748557924,3.6,1.2,3.421130952,7.4,44,125,1.833333333,5.208333333,44,81,43,13.46904762,7.79047619,9.816600791,1014.71131,67.82738095,Spring,Moderate,Poor (<2 days),SE
2025,13,2025-W13,2025-03-23,2025-03-30,168,3,6.644219368,6.644219368,6.949505929,6.338932806,0.177839645,6.918977273,6.369461462,113.0953557,1.494047619,1.5,2.8,0.6,0.451703679,2.4,0.8,2.370238095,5.4,101,164,4.208333333,6.833333333,101,63,4,13.58690476,8.541071429,8.953359684,1010.534524,73.0952381,Spring,Calm,Good (4-6 days),SE
2025,14,2025-W14,2025-03-30,2025-04-06,168,4,6.382561053,6.299357708,12.1,0.3,2.230203309,9.9,1.8,78.35530206,1.00625,1,1.8,0.3,0.3963812,1.7,0.339166667,1.557440476,3,148,168,6.166666667,7,148,19,1,13.89017857,10.38988095,15.8,1019.805952,63.04464286,Spring,Calm,Excellent (>=6 days),E
2025,15,2025-W15,2025-04-06,2025-04-13,168,4,7.005952381,5.45,14.8,0.2,4.104775988,13.995,1.935,180.3619852,1.077380952,0.8,3,0.3,0.705725293,2.3,0.3,1.646428571,5,115,164,4.791666667,6.833333333,115,19,34,14.34345238,13.46607143,21.2,1010.308929,75.30357143,Spring,Calm,Good (4-6 days),S
2025,16,2025-W16,2025-04-13,2025-04-20,168,4,8.513988095,8.9,12.5,0.6,2.426179111,11.7,4,243.7180033,1.54047619,1.6,2.3,0.8,0.352618621,2.1,1,2.38422619,4.1,71,168,2.958333333,7,71,93,4,14.46011905,13.61666667,16.7,1008.385417,83.11011905,Spring,Rough Sea,Fair (2-4 days),SW
2025,17,2025-W17,2025-04-20,2025-04-27,168,4,7.242261905,7.15,14.8,0.5,3.220843365,12.56,1.935,249.6677864,1.216071429,1,3.6,0.5,0.599234078,2.565,0.7,1.925,6.2,118,159,4.916666667,6.625,118,36,14,14.86011905,14.45595238,19.7,1012.292857,73.875,Spring,Calm,Good (4-6 days),W
2025,18,2025-W18,2025-04-27,2025-05-04,168,5,6.861309524,7.05,12.3,0.8,2.340477601,10.23,2.535,228.4718048,1.151785714,1.15,2.2,0.5,0.331205965,1.8,0.7,1.795833333,4.4,144,168,6,7,144,23,1,15.69345238,15.2,16.5,1010.986905,76.01190476,Spring,Calm,Excellent (>=6 days),SW
2025,19,2025-W19,2025-05-04,2025-05-11,168,5,7.008928571,5.8,18.2,0.5,3.991905438,14.33,1.735,192.9829767,1.199404762,1,3.3,0.3,0.773861692,2.765,0.4,1.845238095,5.1,119,158,4.958333333,6.583333333,119,24,25,16.0422619,15.51190476,23.6,1009.701786,81.19642857,Spring,Calm,Good (4-6 days),S
2025,20,2025-W20,2025-05-11,2025-05-18,168,5,7.4375,7.4,12.9,0.9,2.488577197,11.325,2.6,222.2317988,1.02202381,1,2.3,0.4,0.418355147,1.9,0.5,1.572619048,3.6,140,168,5.833333333,7,140,23,5,16.16428571,16.66547619,17.3,1012.7625,90.0297619,Spring,Calm,Good (4-6 days),SW
2025,21,2025-W21,2025-05-18,2025-05-25,168,5,8.297321429,8.5,15,0.6,3.276683454,13.165,3.035,9.419709692,1.43422619,1.3,3.6,0.2,0.739338187,3.065,0.4,2.264285714,5.8,89,154,3.708333333,6.416666667,89,53,26,16.68869048,16.37589286,19.6,1009.954762,90.5922619,Spring,Rough Sea,Fair (2-4 days),N
2025,22,2025-W22,2025-05-25,2025-06-01,168,5,4.645833333,4.3,10.3,0.3,2.076612112,8.465,1.7,90.02289023,0.697619048,0.6,1.6,0.3,0.308939151,1.3,0.3,1.083928571,2.7,164,168,6.833333333,7,164,4,0,18.88511905,17.88809524,13.2,1015.360714,80.45238095,Spring,Calm,Excellent (>=6 days),E
2025,23,2025-W23,2025-06-01,2025-06-08,168,6,6.195238095,6.1,13.5,0.6,2.24970549,10,2.4,224.7163238,0.88452381,0.9,1.6,0.3,0.263779098,1.3,0.4,1.345238095,2.4,160,168,6.666666667,7,160,6,2,19.08214286,19.52380952,17.5,1006.625,83.36904762,Summer,Calm,Excellent (>=6 days),SW
2025,24,2025-W24,2025-06-08,2025-06-15,168,6,4.330952381,3.75,11.7,0.2,2.464671393,9,1.2,208.2569694,0.584821429,0.5,1.6,0.2,0.297230678,1.165,0.3,0.886309524,2.5,163,168,6.791666667,7,163,5,0,20.28333333,20.37440476,16.2,1008.610714,92.0297619,Summer,Calm,Excellent (>=6 days),SW
2025,25,2025-W25,2025-06-15,2025-06-22,168,6,7.699404762,7.9,12.4,2,1.910497224,10.565,4.335,217.4897768,1.03422619,1,1.8,0.3,0.365713963,1.665,0.5,1.60297619,3,141,168,5.875,7,141,25,2,19.25267857,20.49583333,16.3,1007.853869,96.21130952,Summer,Calm,Good (4-6 days),SW
2025,26,2025-W26,2025-06-22,2025-06-29,168,6,5.764285714,5.4,10.9,0.1,2.39063256,9.565,1.9,229.1067343,0.600595238,0.6,1.4,0.2,0.26547822,1.1,0.2,0.894345238,2.3,162,168,6.75,7,162,6,0,20.98482143,21.37440476,14.1,1008.386905,94.5922619,Summer,Calm,Excellent (>=6 days),SW
2025,27,2025-W27,2025-06-29,2025-07-06,168,7,7.661904762,7.55,11.6,3.8,1.575896647,10.5,5.3,228.0093001,0.65952381,0.6,1.1,0.3,0.187398865,1,0.4,0.973214286,1.9,149,168,6.208333333,7,149,19,0,22.16488095,23.7172619,14.3,1009.199405,95.54761905,Summer,Calm,Excellent (>=6 days),SW
2025,28,2025-W28,2025-07-06,2025-07-13,168,7,6.514880952,6.95,10.4,0,2.43727638,9.8,2.1,29.37998326,0.955952381,0.8,1.9,0.2,0.471677143,1.765,0.3,1.533928571,3.9,142,168,5.916666667,7,142,26,0,24.8922619,24.7047619,14.1,1008.872024,92.91666667,Summer,Calm,Good (4-6 days),NE
2025,29,2025-W29,2025-07-13,2025-07-20,168,7,6.442857143,6.4,14.5,0.8,3.121714012,11.99,1.8,199.0340388,0.945238095,0.9,1.8,0.4,0.36391246,1.7,0.5,1.464880952,3.6,142,168,5.916666667,7,142,17,9,24.94583333,24.89702381,19.2,1005.310714,90.95238095,Summer,Calm,Good (4-6 days),S
2025,30,2025-W30,2025-07-20,2025-07-27,168,7,3.568452381,3.35,6.6,0.8,1.383397704,6,1.435,144.6712519,0.410119048,0.4,0.6,0.2,0.094545798,0.6,0.3,0.625,1.1,168,168,7,7,168,0,0,27.77797619,27.65297619,8.1,1011.597024,88.4702381,Summer,Calm,Excellent (>=6 days),SE
2025,31,2025-W31,2025-07-27,2025-08-03,168,7,2.889880952,2.9,6.6,0.2,1.254817776,5.065,0.9,118.5024371,0.408630952,0.4,0.7,0.2,0.110794224,0.6,0.3,0.619642857,1.2,168,168,7,7,168,0,0,28.95416667,28.43095238,8.5,1003.297619,83.4702381,Summer,Calm,Excellent (>=6 days),SE
2025,32,2025-W32,2025-08-03,2025-08-10,168,8,6.895833333,5.8,13.9,0.4,3.791534127,12.565,1.8,224.9236394,1.192857143,1.2,2.3,0.5,0.446486138,1.9,0.6,1.832142857,3.8,113,168,4.708333333,7,113,38,17,28.01130952,27.97321429,18.3,1003.614881,89.14880952,Summer,Calm,Good (4-6 days),SW
2025,33,2025-W33,2025-08-10,2025-08-17,168,8,5.683928571,6.1,9.9,0.7,2.202919412,9.26,1.9,223.2118587,0.655357143,0.7,1.2,0.3,0.244890035,1.065,0.3,0.979761905,2.1,168,168,7,7,168,0,0,28.23392857,27.61696429,12.6,1012.741071,88.36309524,Summer,Calm,Excellent (>=6 days),SW
2025,34,2025-W34,2025-08-17,2025-08-24,168,8,6.288690476,6.5,11.6,0.5,2.31959695,10,2.435,226.6684189,0.549702381,0.5,1.1,0.2,0.208034502,0.9,0.3,0.807142857,2,160,168,6.666666667,7,160,8,0,28.72261905,28.44285714,14.3,1011.4125,85.32738095,Summer,Calm,Excellent (>=6 days),SW
2025,35,2025-W35,2025-08-24,2025-08-31,168,8,6.211309524,6.1,12.7,1.2,2.409796016,10.3,2.535,232.7159795,0.683333333,0.6,1.4,0.3,0.239926802,1.1,0.4,1.044047619,2.1,155,168,6.458333333,7,155,10,3,28.5922619,28.23630952,16.6,1012.305952,85.83928571,Summer,Calm,Excellent (>=6 days),SW
2025,36,2025-W36,2025-08-31,2025-09-07,168,9,7,6.65,12.7,0.2,2.819733711,11.295,2.2,295.4665674,0.93452381,0.9,1.8,0.3,0.32610716,1.5,0.4,1.48452381,2.9,133,168,5.541666667,7,133,31,4,28.23214286,27.04821429,15.9,1009.654167,90.00595238,Fall,Calm,Good (4-6 days),NW
2025,37,2025-W37,2025-09-07,2025-09-14,168,9,7.12797619,7.45,11.9,0.8,3.042846241,11.365,1.835,18.89583399,1.255952381,1.3,2.4,0.3,0.559694354,2.1,0.4,2.047619048,4,94,168,3.916666667,7,94,74,0,27.50357143,25.46071429,15.1,1011.734524,86.30357143,Fall,Calm,Fair (2-4 days),N
2025,38,2025-W38,2025-09-14,2025-09-21,168,9,7.638392857,8.15,14.5,1.1,2.821235626,11.5,2.5,354.7049816,1.294940476,1.2,2.8,0.4,0.593468438,2.3,0.5,2.086904762,5,101,166,4.208333333,6.916666667,101,60,7,27.40803571,25.76026786,18.6,1013.576488,81.14583333,Fall,Calm,Good (4-6 days),N
2025,39,2025-W39,2025-09-21,2025-09-28,168,9,6.676785714,6.5,12.7,1.5,2.11342935,9.865,3.27,65.3263655,1.063095238,0.9,2.6,0.5,0.500605564,2,0.5,1.688690476,5.1,134,167,5.583333333,6.958333333,134,31,3,26.80238095,25.20401786,15.6,1017.056548,76.57738095,Fall,Calm,Good (4-6 days),NE
2025,40,2025-W40,2025-09-28,2025-10-05,168,10,4.885714286,4.85,11.2,0.4,2.300853414,8.3,1.5,24.84694308,0.817857143,0.8,1.6,0.3,0.356852748,1.365,0.3,1.323214286,2.5,164,168,6.833333333,7,164,4,0,27.14047619,23.81547619,14.9,1014.242857,74.55357143,Fall,Calm,Excellent (>=6 days),NE
2025,41,2025-W41,2025-10-05,2025-10-12,168,10,6.94702381,6.9,12.1,0.6,2.664535901,10.26,2.17,63.61553653,1.605357143,1.55,3.3,0.4,0.626678243,2.7,0.7,2.598809524,6.4,83,154,3.458333333,6.416666667,83,70,15,26.20952381,23.8797619,15.2,1015.447619,77.33928571,Fall,Moderate,Fair (2-4 days),NE
2025,42,2025-W42,2025-10-12,2025-10-19,168,10,8.003571429,8.3,13.8,0.9,2.952070072,12.165,2.935,45.53178985,1.975595238,1.85,3.8,1.1,0.574560183,3,1.2,3.183928571,6.5,33,140,1.375,5.833333333,33,101,34,25.5,22.01190476,17.7,1018.143452,82.16071429,Fall,Rough Sea,Poor (<2 days),NE
2025,43,2025-W43,2025-10-19,2025-10-26,168,10,8.713095238,9.1,13.8,1.7,2.256635181,11.73,4.3,59.49705707,2.192261905,2.25,3.6,0.9,0.700726486,3.2,1,3.545238095,7.7,37,107,1.541666667,4.458333333,37,69,62,24.73690476,19.74642857,17.8,1022.68869,69.36904762,Fall,Rough Sea,Poor (<2 days),NE
2025,44,2025-W44,2025-10-26,2025-11-02,168,10,6.219047619,5.7,13.9,1.6,2.916912328,11.565,2.335,355.1423578,0.989880952,0.9,1.9,0.5,0.339538235,1.7,0.6,1.55952381,3.2,146,168,6.083333333,7,146,17,5,23.22619048,16.54107143,18.6,1020.147024,52.75,Fall,Calm,Excellent (>=6 days),N
2025,45,2025-W45,2025-11-02,2025-11-09,168,11,6.248214286,6.25,12.9,0.9,2.691925678,10.1,1.6,61.98475911,1.405357143,1.2,3.5,0.1,0.758446168,3.065,0.6,2.204761905,6,110,149,4.583333333,6.208333333,110,37,21,22.2360119,17.34613095,17,1022.733333,62,Fall,Calm,Good (4-6 days),NE
2025,46,2025-W46,2025-11-09,2025-11-16,168,11,5.105357143,4.95,12.4,0.2,2.716841662,9.365,0.8,354.5142294,0.973809524,0.9,1.9,0.4,0.315704344,1.465,0.5,1.479166667,3,159,168,6.625,7,159,8,1,22.01785714,16.57559524,17.6,1020.752381,51.88690476,Fall,Calm,Excellent (>=6 days),N
2025,47,2025-W47,2025-11-16,2025-11-23,168,11,6.398214286,6.5,12.1,1.5,2.739235289,10.465,2.135,295.5101142,1.158333333,1.1,2.1,0.4,0.440388596,2,0.5,1.799404762,3.5,121,168,5.041666667,7,121,46,1,21.00595238,12.29761905,16.8,1023.269048,51.60119048,Fall,Calm,Good (4-6 days),NW
2025,48,2025-W48,2025-11-23,2025-11-30,168,11,7.511904762,8.15,14.3,0.4,3.293684931,12.66,1.77,272.8116338,1.320238095,1.3,2.3,0.4,0.473559527,2.165,0.5,2.071428571,4.1,88,168,3.666666667,7,88,69,11,20.30595238,14.23333333,19.4,1017.404167,59.95238095,Fall,Calm,Fair (2-4 days),W
2025,49,2025-W49,2025-11-30,2025-12-07,168,12,8.119642857,8.3,14.2,1.9,2.68380057,11.9,3.67,295.2843518,1.326190476,1.3,2.5,0.6,0.472886169,2.2,0.635,2.091071429,3.9,99,168,4.125,7,99,63,6,19.34761905,9.302380952,20.7,1020.895833,52.82142857,Winter,Rough Sea,Good (4-6 days),NW
2025,50,2025-W50,2025-12-07,2025-12-14,168,12,7.479761905,8.15,13.7,0.8,3.081701917,11.9,1.835,331.5784727,1.439285714,1.3,3.7,0.6,0.688749254,3.2,0.7,2.313690476,6.3,96,153,4,6.375,96,51,21,18.80595238,10.2827381,18.4,1022.653571,55.80357143,Winter,Calm,Good (4-6 days),NW
2025,51,2025-W51,2025-12-14,2025-12-21,168,12,7.107738095,7.15,14.9,0.7,2.81586602,11.465,2.435,276.3134694,1.4875,1.3,3.7,0.6,0.597518571,2.6,0.8,2.379166667,5.6,92,158,3.833333333,6.583333333,92,60,16,18.60178571,12.28928571,18.8,1021.940476,63.98809524,Winter,Calm,Fair (2-4 days),W
2025,52,2025-W52,2025-12-21,2025-12-28,168,12,8.175,7.4,15.1,2.9,3.1420225,14.265,3.77,329.0326356,1.777380952,1.6,3.4,0.6,0.74147469,3.165,0.8,2.84047619,5.9,73,142,3.041666667,5.916666667,73,57,38,18.2422619,8.076785714,20.6,1021.032143,62.44047619,Winter,Rough Sea,Fair (2-4 days),NW
